"","productname","productreviewer","datereviewed","reviews","rating"
"1","GOLDEN HOUR Men’s Watch Fashion Sport Quartz Analog Mesh Stainless Steel Waterproof Chronograph Watches, Auto Date in Grey Hands, Color: Black","ANTO","Reviewed in the United States on December 24, 2023","This watch is pretty cool to have. How it looks is pretty amazing, but how it feels on your wrists . . . it's heavy and will have to get used to it. I have to admit when I first got this watch, adjusting the strap size to fit my wrist is more or less an incovience now. You just can;t adjust it as easily as all the other watches, nope! This watch gives you a tool to adjust it, and honestly: I wasn't really wowed by that. And also, this watch looks a bit too fancy for my day to day wear, but besides that: this watch is great for the price value!","4.3 out of 5 stars"
"2","GOLDEN HOUR Men’s Watch Fashion Sport Quartz Analog Mesh Stainless Steel Waterproof Chronograph Watches, Auto Date in Grey Hands, Color: Black","Quiet thinker","Reviewed in the United States on January 24, 2024","Good, fits almost all occasions","5.0 out of 5 stars"
"3","GOLDEN HOUR Men’s Watch Fashion Sport Quartz Analog Mesh Stainless Steel Waterproof Chronograph Watches, Auto Date in Grey Hands, Color: Black","ANTO","Reviewed in the United States on December 24, 2023","It's an ok watch.  Used to keep time","1.0 out of 5 stars"
"4","GOLDEN HOUR Men’s Watch Fashion Sport Quartz Analog Mesh Stainless Steel Waterproof Chronograph Watches, Auto Date in Grey Hands, Color: Black","sheila a cepero","Reviewed in the United States on January 12, 2024",NA,"5.0 out of 5 stars"
"5","GOLDEN HOUR Men’s Watch Fashion Sport Quartz Analog Mesh Stainless Steel Waterproof Chronograph Watches, Auto Date in Grey Hands, Color: Black","Charlie Horner","Reviewed in the United States on December 11, 2023",NA,"5.0 out of 5 stars"
"6","GOLDEN HOUR Men’s Watch Fashion Sport Quartz Analog Mesh Stainless Steel Waterproof Chronograph Watches, Auto Date in Grey Hands, Color: Black","Jim","Reviewed in the United States on January 16, 2024",NA,"4.0 out of 5 stars"
"7","GOLDEN HOUR Men’s Watch Fashion Sport Quartz Analog Mesh Stainless Steel Waterproof Chronograph Watches, Auto Date in Grey Hands, Color: Black","Steve E.","Reviewed in the United States on February 26, 2024",NA,"5.0 out of 5 stars"
"8","GOLDEN HOUR Men’s Watch Fashion Sport Quartz Analog Mesh Stainless Steel Waterproof Chronograph Watches, Auto Date in Grey Hands, Color: Black","Macky","Reviewed in the United States on February 19, 2024",NA,"5.0 out of 5 stars"
"9","GOLDEN HOUR Men’s Watch Fashion Sport Quartz Analog Mesh Stainless Steel Waterproof Chronograph Watches, Auto Date in Grey Hands, Color: Black","Quiet thinker","Reviewed in the United States on January 24, 2024",NA,"5.0 out of 5 stars"
"10","GOLDEN HOUR Men’s Watch Fashion Sport Quartz Analog Mesh Stainless Steel Waterproof Chronograph Watches, Auto Date in Grey Hands, Color: Black","Robert C. Eifert Jr.","Reviewed in the United States on February 1, 2020",NA,"1.0 out of 5 stars"
"11","GOLDEN HOUR Men’s Watch Fashion Sport Quartz Analog Mesh Stainless Steel Waterproof Chronograph Watches, Auto Date in Grey Hands, Color: Black","ANTO","Reviewed in the United States on December 24, 2023","This watch is pretty cool to have. How it looks is pretty amazing, but how it feels on your wrists . . . it's heavy and will have to get used to it. I have to admit when I first got this watch, adjusting the strap size to fit my wrist is more or less an incovience now. You just can;t adjust it as easily as all the other watches, nope! This watch gives you a tool to adjust it, and honestly: I wasn't really wowed by that. And also, this watch looks a bit too fancy for my day to day wear, but besides that: this watch is great for the price value!","4.3 out of 5 stars"
"12","GOLDEN HOUR Men’s Watch Fashion Sport Quartz Analog Mesh Stainless Steel Waterproof Chronograph Watches, Auto Date in Grey Hands, Color: Black","Quiet thinker","Reviewed in the United States on January 24, 2024","Good, fits almost all occasions","5.0 out of 5 stars"
"13","GOLDEN HOUR Men’s Watch Fashion Sport Quartz Analog Mesh Stainless Steel Waterproof Chronograph Watches, Auto Date in Grey Hands, Color: Black","John Ramsey","Reviewed in the United States on February 22, 2024","It's an ok watch.  Used to keep time","1.0 out of 5 stars"
"14","GOLDEN HOUR Men’s Watch Fashion Sport Quartz Analog Mesh Stainless Steel Waterproof Chronograph Watches, Auto Date in Grey Hands, Color: Black","Peter","Reviewed in the United States on February 17, 2024",NA,"5.0 out of 5 stars"
"15","GOLDEN HOUR Men’s Watch Fashion Sport Quartz Analog Mesh Stainless Steel Waterproof Chronograph Watches, Auto Date in Grey Hands, Color: Black","Alex","Reviewed in the United States on January 9, 2024",NA,"5.0 out of 5 stars"
"16","GOLDEN HOUR Men’s Watch Fashion Sport Quartz Analog Mesh Stainless Steel Waterproof Chronograph Watches, Auto Date in Grey Hands, Color: Black","Marlena Michaelis","Reviewed in the United States on January 24, 2024",NA,"4.0 out of 5 stars"
"17","GOLDEN HOUR Men’s Watch Fashion Sport Quartz Analog Mesh Stainless Steel Waterproof Chronograph Watches, Auto Date in Grey Hands, Color: Black","George","Reviewed in the United States on February 16, 2024",NA,"5.0 out of 5 stars"
"18","GOLDEN HOUR Men’s Watch Fashion Sport Quartz Analog Mesh Stainless Steel Waterproof Chronograph Watches, Auto Date in Grey Hands, Color: Black","Amazon Customer","Reviewed in the United States on December 19, 2023",NA,"5.0 out of 5 stars"
"19","GOLDEN HOUR Men’s Watch Fashion Sport Quartz Analog Mesh Stainless Steel Waterproof Chronograph Watches, Auto Date in Grey Hands, Color: Black","Está muy bello, pensé que sería pequeño pero al armarlo quedó hermoso yCómodo ","Reviewed in the United States on February 2, 2024",NA,"4.0 out of 5 stars"
"20","GOLDEN HOUR Men’s Watch Fashion Sport Quartz Analog Mesh Stainless Steel Waterproof Chronograph Watches, Auto Date in Grey Hands, Color: Black","DBUZZ ","Reviewed in the United States on January 10, 2024",NA,"5.0 out of 5 stars"
